Order_ID,Product,Category,Quantity,Price,Region,Order_Date
1001,Laptop,Electronics,2,65000,South,2026-01-10
1002,Mouse,Accessories,5,1200,North,2026-01-12
1003,Keyboard,Accessories,3,2500,South,2026-01-15
1004,Monitor,Electronics,1,18000,West,2026-02-03
1005,Laptop,Electronics,1,65000,South,2026-02-10
1005,Laptop,Electronics,1,65000,South,2026-02-10
1006,Headphones,Accessories,4,3500,East,2026-02-15
1007,Monitor,Electronics,2,18000,West,2026-03-01
1008,Mouse,Accessories,6,1200,North,2026-03-05
1009,Keyboard,Accessories,3,2500,South,2026-03-08
